{
	"Goal": {
		"Position": [ -157.779, 4.13443, 65.634 ],
		"Scale": [ 1.0, 1.0, 1.0 ],
		"Rotation": [ 0.0, 0.0, 0.0 ]
	},

	"Enemy": [
		{
			"Position": [ -157.779, 4.13443, 65.634 ],
			"Scale": [ 1.0, 1.0, 1.0 ],
			"Rotation": [ 1.57, 0.0, 0.0 ]
		},
		{
			"Position": [ -5, 2, 0 ],
			"Scale": [ 1.0, 2.0, 1.0 ],
			"Rotation": [ 1.57, 0.0, 0.0 ]
		},
		{
			"Position": [ 5, 2, 0 ],
			"Scale": [ 1.0, 2.0, 1.0 ],
			"Rotation": [ 1.57, 0.0, 0.0 ]
		}

	]


}
